destination,place_name,category,description,recommended_duration,suitable_for,activity_level,source_name,source_section,source_url
Riyadh,نبذة عن الرياض,معلومات عامة,"الرياض عاصمة المملكة العربية السعودية ومدينة تجمع بين التاريخ والعمارة الحديثة والحياة الحضرية المتنوعة. يستطيع الزائر استكشاف مواقع مرتبطة بتاريخ تأسيس الدولة، والتعرّف على الطراز النجدي، وزيارة المعالم العمرانية البارزة ومراكز الثقافة والتسوق. تنتشر التجارب السياحية بين وسط المدينة والدرعية والمناطق الحديثة، لذلك تناسب الرياض الرحلات التي تجمع المعرفة والترفيه والتجول الحضري. تمثل المدينة نقطة مناسبة للمسافرين الراغبين في فهم التحول الذي يربط الموروث السعودي بالمشهد المعاصر.",عدة أيام,جميع المسافرين,متوسط,روح السعودية,الرياض,https://www.visitsaudi.com/ar/riyadh
Riyadh,برج المملكة,معلم بارز,"يُعد برج المملكة من أكثر معالم الرياض وضوحًا في أفق المدينة، ويقع ضمن مركز المملكة في منطقة حيوية من العاصمة. يضم المبنى مرافق للتسوق وتناول الطعام، بينما يوفّر جسر المشاهدة في أعلاه إطلالة بانورامية واسعة على الرياض. تناسب الزيارة من يرغب في مشاهدة المدينة من ارتفاع مرتفع والتعرّف على جانبها العمراني الحديث، كما يمكن الجمع بين تجربة الإطلالة والتجول داخل المركز. الشكل المعماري المميز للبرج يجعله معلمًا مناسبًا للتعرّف البصري في التطبيق.",ساعتان,جميع المسافرين,منخفض,روح السعودية,مركز المملكة,https://www.visitsaudi.com/ar/riyadh/attractions/kingdom-centre
Riyadh,حي الطريف التاريخي,تاريخي,"يقع حي الطريف التاريخي في الدرعية ضمن منطقة الرياض، وهو موقع تراثي مسجل في قائمة اليونسكو للتراث العالمي. ارتبط الحي بتاريخ الدولة السعودية الأولى، وتظهر مبانيه الطينية متعددة الطوابق خصائص العمارة النجدية وأساليب البناء الملائمة للبيئة المحلية. تتيح الزيارة التجول بين المباني والساحات والمتاحف المفتوحة والتعرّف على تاريخ الدرعية والأسرة الحاكمة وتطور المجتمع في المنطقة. يعد المكان مناسبًا للمهتمين بالتاريخ والعمارة والتراث، كما أن تكوينه العمراني المميز يجعله واضحًا بصريًا.",3 ساعات,جميع المسافرين,متوسط,بوابة الدرعية الرسمية,حي الطريف التاريخي,https://www.diriyah.sa/ar/at-turaif
Riyadh,قصر المصمك,تاريخي,"يقع قصر المصمك في حي الديرة وسط الرياض، وهو حصن تاريخي يتميز بجدرانه السميكة وبنائه المتين. يرتبط القصر بمرحلة مهمة من تاريخ المدينة واسترداد الرياض في بداية توحيد المملكة، ثم تحول لاحقًا إلى متحف يعرض جانبًا من تاريخ المكان والأحداث المرتبطة به. يستطيع الزائر مشاهدة تفاصيل العمارة التقليدية والساحات والأبواب والمعروضات التاريخية، لذلك يناسب المهتمين بتاريخ الرياض وتأسيس الدولة. مظهره الحصين وأبراجه الطينية يجعلان التعرف عليه بصريًا ممكنًا.",ساعتان,جميع المسافرين,منخفض,وزارة الثقافة السعودية,متحف قصر المصمك,https://museums.moc.gov.sa/museums/museums-detail?id=0B441465C74A4D46AB9875E1B4757E35
Jeddah,نبذة عن جدة,معلومات عامة,"جدة مدينة ساحلية على البحر الأحمر تجمع بين التراث البحري والحياة الحضرية الحديثة. تشمل تجاربها السياحية التجول في البلد التاريخي، ومشاهدة المباني التقليدية والأسواق القديمة، وزيارة الواجهات البحرية والمعالم البصرية المعروفة. تمنح المدينة الزائر مزيجًا من الثقافة والتاريخ والتنزه بجانب البحر، كما تناسب الرحلات العائلية والفردية ورحلات الأصدقاء. يساعد تنوع مناطقها على بناء برنامج يجمع المشي والاستكشاف والتصوير والاسترخاء، مع إبراز العلاقة بين هوية جدة التاريخية وموقعها الساحلي.",عدة أيام,جميع المسافرين,متوسط,روح السعودية,جدة,https://www.visitsaudi.com/ar/jeddah
Jeddah,نافورة الملك فهد,معلم بارز,"تقع نافورة الملك فهد قبالة ساحل جدة في البحر الأحمر، وتعد من أشهر المعالم البصرية المرتبطة بالمدينة. ترتفع المياه إلى مستوى كبير يمكن مشاهدته من مسافات متعددة على الكورنيش، ويبرز المشهد بصورة خاصة مع إضاءة النافورة وانعكاسها على البحر. تناسب الزيارة التنزه والتصوير ومشاهدة الغروب أو المشهد الليلي من المناطق الساحلية القريبة. تصميمها المميز وموقعها المفتوح يجعلانها من أسهل معالم جدة للتعرف باستخدام الصور، كما يمكن دمجها مع زيارة الواجهة البحرية.",ساعة واحدة,جميع المسافرين,منخفض,روح السعودية,نافورة الملك فهد,https://www.visitsaudi.com/ar/jeddah/attractions/visit-king-fahd-s-fountain
Jeddah,جدة التاريخية,تاريخي,"تقع جدة التاريخية المعروفة باسم البلد في قلب المدينة القديمة، وتمثل جانبًا مهمًا من تاريخ جدة بوصفها بوابة بحرية وتجارية. تتميز المنطقة بأزقتها الضيقة وبيوتها التراثية ذات الرواشين والأسواق والمباني التي تعكس الطابع المعماري المحلي. يستطيع الزائر التجول سيرًا بين المواقع التاريخية ومشاهدة الحرف والمتاجر والمنازل القديمة والتعرف على الحياة الاجتماعية التي تشكلت حول الميناء والحج والتجارة. تناسب المنطقة محبي التاريخ والعمارة والتصوير، وتوفر تجربة مختلفة عن الواجهات الحديثة للمدينة.",نصف يوم,جميع المسافرين,متوسط,روح السعودية,جدة التاريخية والبلد,https://www.visitsaudi.com/ar/jeddah/attractions/jeddah-cultural-and-jeddah-waterfront
Jeddah,واجهة جدة البحرية,واجهة بحرية,"تمتد واجهة جدة البحرية على ساحل البحر الأحمر وتوفر مساحات مفتوحة للتنزه والجلوس وممارسة الأنشطة الرياضية. تضم ممشى طويلًا ومناطق خضراء ومرافق عائلية وإطلالات واسعة على البحر، ويمكن للزائر المشي أو الركض أو ركوب الدراجة والاستمتاع بالهواء البحري. تناسب الواجهة العائلات والأصدقاء والأفراد، كما تعد موقعًا مناسبًا للتصوير ومشاهدة الغروب وربط الزيارة بمعالم ساحلية قريبة. طبيعتها المفتوحة تجعل مستوى النشاط مرنًا بين الاسترخاء والحركة الخفيفة أو المتوسطة.",3 ساعات,جميع المسافرين,متوسط,روح السعودية,واجهة جدة البحرية,https://www.visitsaudi.com/ar/jeddah/attractions/jeddah-waterfront
Abha,نبذة عن أبها,معلومات عامة,"أبها من أبرز مدن منطقة عسير، وتتميز بطبيعتها الجبلية ومناخها المختلف وتنوعها الثقافي. تجمع التجربة السياحية فيها بين المرتفعات والإطلالات والغابات والمنتزهات، إضافة إلى القرى والمواقع الفنية والتراثية. تناسب الوجهة الزوار الباحثين عن المشي في الطبيعة والتصوير والتعرف على ثقافة جنوب المملكة، ويمكن تنظيم الرحلة بين المواقع الطبيعية داخل أبها والمناطق الجبلية المحيطة بها. يضيف اختلاف التضاريس والعمارة المحلية طابعًا واضحًا للمدينة ويجعلها مناسبة لبرنامج يمتد عدة أيام.",عدة أيام,جميع المسافرين,متوسط,روح السعودية,عسير وأبها,https://www.visitsaudi.com/ar/aseer
Abha,جبل السودة,طبيعي,"يقع جبل السودة في منطقة عسير بالقرب من أبها، ويعد من أبرز المواقع الجبلية المعروفة بارتفاعها وإطلالاتها الواسعة على التضاريس المحيطة. توفر المنطقة فرصًا لمشاهدة المشهد الجبلي والتصوير والتنزه والاستمتاع بالطبيعة، مع وجود نقاط مرتفعة تطل على الجبال والأودية. تناسب الزيارة محبي المناظر الطبيعية والهواء الطلق، وقد تتطلب بعض التجارب مشيًا وحركة أكثر من المواقع الحضرية. تساعد القمم والضباب والمنحدرات والغطاء النباتي في تكوين هوية بصرية مميزة للمعلم.",نصف يوم,العائلات والأصدقاء,متوسط,روح السعودية,جبل السودة ومعالم عسير الطبيعية,https://www.visitsaudi.com/ar/aseer
Abha,منتزه عسير الوطني,طبيعي,"يمتد منتزه عسير الوطني عبر بيئات جبلية وطبيعية متنوعة في منطقة عسير، ويضم مساحات مناسبة للتنزه ومشاهدة الغطاء النباتي واستكشاف المسارات والمناظر المرتفعة. يستطيع الزائر قضاء وقت في الهواء الطلق والمشي والتصوير والاستمتاع بالمناطق الخضراء، مع اختلاف طبيعة التجربة حسب الجزء الذي تتم زيارته. يناسب المنتزه العائلات والأصدقاء ومحبي الطبيعة، ويقدم بديلًا هادئًا عن المواقع الحضرية. اتساعه وتنوع تضاريسه يجعلان الزيارة مناسبة لنصف يوم مع مستوى نشاط متوسط.",نصف يوم,العائلات والأصدقاء,متوسط,روح السعودية,منتزه عسير الوطني,https://www.visitsaudi.com/ar/aseer
Abha,قرية المفتاحة,ثقافي,"تقع قرية المفتاحة في أبها، وهي موقع ثقافي يرتبط بالفنون والحرف والهوية المحلية لمنطقة عسير. تتيح الزيارة مشاهدة عناصر معمارية مستوحاة من البيئة الجنوبية والتعرف على الأنشطة الفنية والمعارض والحرف اليدوية في المساحات الثقافية الموجودة بالموقع. تناسب القرية المهتمين بالفن والتصوير والثقافة المحلية، كما يمكن زيارتها ضمن جولة داخل مدينة أبها دون الحاجة إلى نشاط بدني مرتفع. ألوان المباني وتفاصيلها الفنية تمنح المكان طابعًا بصريًا يسهل تمييزه في الصور.",ساعتان,جميع المسافرين,منخفض,روح السعودية,قرية المفتاحة,https://www.visitsaudi.com/ar/aseer/attractions/almuftaha-village
Eastern Province,نبذة عن المنطقة الشرقية,معلومات عامة,"تمتد المنطقة الشرقية على ساحل الخليج العربي وتضم مدنًا رئيسية مثل الدمام والخبر والظهران. تجمع التجارب السياحية فيها بين الواجهات البحرية والجزر والمساحات الثقافية الحديثة، وتناسب الزوار الباحثين عن التنزه الساحلي والأنشطة العائلية والتعرف على المشهد الثقافي المعاصر. يمكن توزيع الرحلة بين مواقع قريبة نسبيًا في مدن المنطقة، مما يتيح الجمع بين البحر والمتاحف والمراكز الثقافية والمناطق المفتوحة. يمنح الساحل وهوية المدن الحديثة المنطقة طابعًا متنوعًا يناسب الرحلات القصيرة أو متعددة الأيام.",عدة أيام,جميع المسافرين,متوسط,روح السعودية,المنطقة الشرقية,https://www.visitsaudi.com/ar/eastern-province
Eastern Province,مركز الملك عبدالعزيز الثقافي العالمي — إثراء,ثقافي,"يقع مركز الملك عبدالعزيز الثقافي العالمي، المعروف باسم إثراء، في الظهران بالمنطقة الشرقية. صُمم المركز ليكون مساحة للمعرفة والإبداع والتواصل الثقافي، ويضم مرافق وتجارب مرتبطة بالفنون والقراءة والعلوم والبرامج الثقافية. يستطيع الزائر استكشاف المبنى ومحتواه الثقافي وقضاء وقت في المعارض والمساحات التعليمية بحسب المتاح خلال الزيارة. يناسب المكان العائلات والأفراد والمهتمين بالفن والتعلم، كما أن تصميمه المعماري المكون من كتل منحنية ومترابطة يجعله معلمًا بصريًا بارزًا.",نصف يوم,جميع المسافرين,منخفض,إثراء,عن إثراء,https://www.ithra.com/ar/about-ithra
Eastern Province,الواجهة البحرية بالخبر,واجهة بحرية,"تقع الواجهة البحرية بالخبر على ساحل الخليج العربي، وهي مساحة مفتوحة تجمع الممشى والإطلالات البحرية والمرافق المناسبة للزوار. يمكن ممارسة المشي والجلوس والتصوير والاستمتاع بالمساحات الخضراء والمشهد الساحلي، مما يجعلها ملائمة للزيارات العائلية ورحلات الأصدقاء والأفراد. تسمح طبيعة المكان بقضاء عدة ساعات دون برنامج معقد، ويمكن دمجها مع مواقع أخرى في الخبر والظهران. تناسب الواجهة من يبحث عن نشاط خفيف أو متوسط في الهواء الطلق ضمن بيئة حضرية ساحلية.",3 ساعات,جميع المسافرين,متوسط,روح السعودية,الواجهة البحرية بالخبر,https://www.visitsaudi.com/ar/eastern-province/attractions/khobar-seafront
Eastern Province,جزيرة المرجان,طبيعي,"تقع جزيرة المرجان قبالة ساحل الدمام، وهي جزيرة ترفيهية مرتبطة بالواجهة البحرية ومطلة على مياه الخليج العربي. تضم مساحات خضراء ومواقع مناسبة للتنزه والجلوس والتصوير، وتتيح للزوار الاستمتاع بالمشهد البحري في مكان مفتوح بعيد نسبيًا عن ازدحام المناطق الداخلية. تناسب العائلات والأصدقاء والأفراد، ويمكن قضاء الوقت فيها بالمشي الخفيف أو الاسترخاء ومشاهدة البحر. موقعها وشكلها المحاط بالمياه يمنحانها هوية بصرية واضحة عند استخدامها في الصور.",ساعتان,جميع المسافرين,منخفض,روح السعودية,متعة التنزه بجزيرة المرجان,https://www.visitsaudi.com/ar/eastern-province/attractions/murjan-island-in-dammam
